Workbook

Sheet Data

Sheet Calculation
B1: 時間 | C1: 回転回数 | D1: 回転成功数 | E1: ジャンプ数 | F1: ジャンプ回避成功数 | G1: 総ダメージ数 | H1: ダメージ回数 | I1: 最終プレイヤーHP | J1: 最終敵HP | L1: 勝率 | M1: 試行数 | N1: 成功数 | O1: 失敗数 | P1: 途中離脱数
A2: 合計 | B2: =SUM(Data!B1:B1000) -> 0 | C2: =SUM(Data!C1:C1000) -> 0 | D2: =SUM(Data!D1:D1000) -> 0 | E2: =SUM(Data!E1:E1000) -> 0 | F2: =SUM(Data!F1:F1000) -> 0 | G2: =SUM(Data!G1:G1000) -> 0 | H2: =SUM(Data!H1:H1000) -> 0 | I2: =SUM(Data!I1:I1000) -> 0 | J2: =SUM(Data!J1:J1000) -> 0 | L2: =N2 / M2 -> #DIV/0! | M2: =COUNTA(Data!A1:A1000) -> 0 | N2: =COUNTIF(Data!A1:A1000,N5) -> 0 | O2: =COUNTIF(Data!A1:A1000,N6) -> 0 | P2: =COUNTIF(Data!A1:A1000,N7) -> 0
A3: 平均 | B3: =AVERAGE(Data!B1:B1001) -> #DIV/0! | C3: =AVERAGE(Data!C1:C1001) -> #DIV/0! | D3: =AVERAGE(Data!D1:D1001) -> #DIV/0! | E3: =AVERAGE(Data!E1:E1001) -> #DIV/0! | F3: =AVERAGE(Data!F1:F1001) -> #DIV/0! | G3: =AVERAGE(Data!G1:G1001) -> #DIV/0! | H3: =AVERAGE(Data!H1:H1001) -> #DIV/0! | I3: =AVERAGE(Data!I1:I1001) -> #DIV/0! | J3: =AVERAGE(Data!J1:J1001) -> #DIV/0!
M5: 成功 | N5: 1
M6: 失敗 | N6: 0
M7: 途中 | N7: -1
