Workbook

Sheet Data

Sheet Calculation
B1: 時間 | C1: 回転回数 | D1: 回転成功数 | E1: ジャンプ数 | F1: ジャンプ回避成功数 | G1: 総ダメージ数 | H1: ダメージ回数 | I1: 最終プレイヤーHP | J1: 最終敵HP | L1: 勝率 | M1: 試行数 | N1: 成功数 | O1: 失敗数 | P1: 途中離脱数
A2: 合計 | B2: =SUM(Data!B$2:B$1000) -> 0 | C2: =SUM(Data!C$2:C$1000) -> 0 | D2: =SUM(Data!D$2:D$1000) -> 0 | E2: =SUM(Data!E$2:E$1000) -> 0 | F2: =SUM(Data!F$2:F$1000) -> 0 | G2: =SUM(Data!G$2:G$1000) -> 0 | H2: =SUM(Data!H$2:H$1000) -> 0 | I2: =SUM(Data!I$2:I$1000) -> 0 | J2: =SUM(Data!J$2:J$1000) -> 0 | L2: =N2 / M2 -> #DIV/0! | M2: =COUNTA(Data!$A$1:$A$1000) -> 0 | N2: =COUNTIF(Data!$A$1:$A$1000,N5) -> 0 | O2: =COUNTIF(Data!$A$1:$A$1000,N6) -> 0 | P2: =COUNTIF(Data!$A$1:$A$1000,N7) -> 0
A3: 平均 | B3: =AVERAGE(Data!B$1:B$1000) -> #DIV/0! | C3: =AVERAGE(Data!C$1:C$1000) -> #DIV/0! | D3: =AVERAGE(Data!D$1:D$1000) -> #DIV/0! | E3: =AVERAGE(Data!E$1:E$1000) -> #DIV/0! | F3: =AVERAGE(Data!F$1:F$1000) -> #DIV/0! | G3: =AVERAGE(Data!G$1:G$1000) -> #DIV/0! | H3: =AVERAGE(Data!H$1:H$1000) -> #DIV/0! | I3: =AVERAGE(Data!I$1:I$1000) -> #DIV/0! | J3: =AVERAGE(Data!J$1:J$1000) -> #DIV/0!
A4: 途中離脱を除く合計 | B4: =SUMIF(Data!$A$1:$A$1000,"<>-1",Data!B$1:B$1000) -> 0 | C4: =SUMIF(Data!$A$1:$A$1000,"<>-1",Data!C$1:C$1000) -> 0 | D4: =SUMIF(Data!$A$1:$A$1000,"<>-1",Data!D$1:D$1000) -> 0 | E4: =SUMIF(Data!$A$1:$A$1000,"<>-1",Data!E$1:E$1000) -> 0 | F4: =SUMIF(Data!$A$1:$A$1000,"<>-1",Data!F$1:F$1000) -> 0 | G4: =SUMIF(Data!$A$1:$A$1000,"<>-1",Data!G$1:G$1000) -> 0 | H4: =SUMIF(Data!$A$1:$A$1000,"<>-1",Data!H$1:H$1000) -> 0 | I4: =SUMIF(Data!$A$1:$A$1000,"<>-1",Data!I$1:I$1000) -> 0 | J4: =SUMIF(Data!$A$1:$A$1000,"<>-1",Data!J$1:J$1000) -> 0
A5: 途中離脱を除く平均 | B5: =AVERAGEIF(Data!$A$1:$A$1000,"<>-1",Data!B$1:B$1000) -> #DIV/0! | C5: =AVERAGEIF(Data!$A$1:$A$1000,"<>-1",Data!C$1:C$1000) -> #DIV/0! | D5: =AVERAGEIF(Data!$A$1:$A$1000,"<>-1",Data!D$1:D$1000) -> #DIV/0! | E5: =AVERAGEIF(Data!$A$1:$A$1000,"<>-1",Data!E$1:E$1000) -> #DIV/0! | F5: =AVERAGEIF(Data!$A$1:$A$1000,"<>-1",Data!F$1:F$1000) -> #DIV/0! | G5: =AVERAGEIF(Data!$A$1:$A$1000,"<>-1",Data!G$1:G$1000) -> #DIV/0! | H5: =AVERAGEIF(Data!$A$1:$A$1000,"<>-1",Data!H$1:H$1000) -> #DIV/0! | I5: =AVERAGEIF(Data!$A$1:$A$1000,"<>-1",Data!I$1:I$1000) -> #DIV/0! | J5: =AVERAGEIF(Data!$A$1:$A$1000,"<>-1",Data!J$1:J$1000) -> #DIV/0! | M5: 成功 | N5: 1
M6: 失敗 | N6: 0
M7: 途中 | N7: -1
